Seeds,Cluster.x,TotalSequences.x,TotalReads.x,TotalRPM.x,Cluster.y,TotalSequences.y,TotalReads.y,TotalRPM.y,Enrichment_yx
ACGTTG...,1,1259,770383,356623.54,3,668,315492,158708.77,0.44503167121273
CATAGC...,2,1295,652468,302038.75,1,1261,685328,344755.34,1.14142751550919
AACCGC...,3,528,257675,119282.23,5,326,152680,76805.85,0.643900185300023
CCCTCC...,4,324,101448,46962.14,6,167,60085,30225.89,0.643622501018906
AGCGCG...,5,262,73809,34167.47,8,139,27584,13876.15,0.40612167070023
TTGACA...,6,275,67908,31435.87,4,646,276605,139146.49,4.42636039657881
